0,0,0,0,0,0,0,0,0,0,0,0,0,0,0,0,0,0,0,0,0,0,0,0,0,0,0,0,0,0,0,0,0,0,0,0,0,0,0,0,0,0,0,0,0,0,0,0,0,0,0,0,0,0,0,0,0,0,0,0,0,0,0,0,0,0,0,0,0,0,0,0,0,0,0,0,0,0,0,0,0,0,0,0,0,0,0,0,0,0,0,0,0,0,0,0,0,0,0,0,0,0,0,0,0,0,0,0,0,0,0,0,0,0,0,0,0,0,0,0,0,0,0,0,0,0,0,0,0,0,0,0,0,0,0,0,0,0,0,0,0,0,0,0,0,0,0,0,0,0,0,0,0,0,0,0,0,0,0,0,0,0,0,0,0,0,0,0,0,0,0,0,0,0,0,0,0,0,0,0,0,0,0,0,0,0,0,0,0,0,0,0,0,0,0,0,0,0,0,0,0,0,0,0,0,0,0,0,0,0,0,0,0,0,0,0,0,0,0,0,0,0,0,0,0,0,0,0,0,0,0,0,0,0,0,0,0,0,0,0,0,0,0,0,0,0,0,0,0,0,0,0,0,0,0,0,0,0,0,0,0,0,0,0,0,0,0,0,0,0,0,0,0,0,0,0,0,0,0,0,0,0,0,0,0,0,0,0,0,0,0,0,0,0,0,0,0,0,0,0,0,0,0,0,0,0,0,0,0,0,0,0,0,0,0,0,0,0,0,0,0,0,0,0,0,0,0,0,0,0,0,0,0,0,0,0,0,0,0,0,0,0,0,0,0,0,0,0,0,0,0,0,0,0,0,0,0,0,0,0,0,0,0,0,0,0,0,0,0,0,0,0,0,0,0,0,0,0,0,0,0,0,0,0,0,0,0,0,0,0,0,0,0,0,0,0,0,0,0,0,0,0,0,0,0,0,0,0,0,0,0,0,0,0,0,0,0,0,0,0,0,0,0,0,0,0,0,0,0,0,0,0,0,0,0,0,0
0,0,0,0,0,0,0,0,0,0,0,0,0,0,0,0,0,0,0,0,0,0,0,0,0,0,0,0,0,0,0,0,0,0,0,0,0,0,0,0,0,0,0,0,0,0,0,0,0,0,0,0,0,0,0,0,0,0,0,0,0,0,0,0,0,0,0,0,0,0,0,0,0,0,0,0,0,0,0,0,0,0,0,0,0,0,0,0,0,0,0,0,0,0,0,0,0,0,0,0,0,0,0,0,0,0,0,0,0,0,0,0,0,0,0,0,0,0,0,0,0,0,0,0,0,0,0,0,0,0,0,0,0,0,0,0,0,0,0,0,0,0,0,0,0,0,0,0,0,0,0,0,0,0,0,0,0,0,0,0,0,0,0,0,0,0,0,0,0,0,0,0,0,0,0,0,0,0,0,0,0,0,0,0,0,0,0,0,0,0,0,0,0,0,0,0,0,0,0,0,0,0,0,0,0,0,0,0,0,0,0,0,0,0,0,0,0,0,0,0,0,0,0,0,0,0,0,0,0,0,0,0,0,0,0,0,0,0,0,0,0,0,0,0,0,0,0,0,0,0,0,0,0,0,0,0,0,0,0,0,0,0,0,0,0,0,0,0,0,0,0,0,0,0,0,0,0,0,0,0,0,0,0,0,0,0,0,0,0,0,0,0,0,0,0,0,0,0,0,0,0,0,0,0,0,0,0,0,0,0,0,0,0,0,0,0,0,0,0,0,0,0,0,0,0,0,0,0,0,0,0,0,0,0,0,0,0,0,0,0,0,10,10,10,10,10,10,10,10,10,13,19,22,76,148,187,233,293,385,408,474,557,611,693,817,976,1053,1118,1188,1277,1374,1539,1751,1857,1986,2116,2249,2369,2513,2831,2932,3112,3265,3423,3603,3909,4432,4756,6893,9282,11821,14518,18102,22907,24868,27213,29723,32418,34967,38560,43295,45082,46947,48846,50455,52153,54061,56667,57627,58428,59229,60050,60859,61931,63451,63993,64564,65040,65556,66337,66371,66749,66792,66896,67590,68250,68810,69504,70173,70489,70579,71332,72097,72771,73586,74359,74584
0,0,0,0,0,0,0,0,0,0,0,0,0,0,0,0,0,0,0,0,0,0,0,0,0,0,0,0,0,0,0,0,0,0,0,0,0,0,0,0,0,0,0,0,0,0,0,0,0,0,0,0,0,0,0,0,0,0,0,0,0,0,0,0,0,0,0,0,0,0,0,0,0,0,0,0,0,0,0,0,0,0,0,0,0,0,0,0,0,0,0,0,0,0,0,0,0,0,0,0,0,0,0,0,0,0,0,0,0,0,0,0,0,0,0,0,0,0,0,0,0,0,0,0,0,0,0,0,0,0,0,0,0,0,0,0,0,0,0,0,0,0,0,0,0,0,0,0,0,0,0,0,0,0,0,0,0,0,0,0,0,0,0,0,0,0,0,0,0,0,0,0,0,0,0,0,0,0,0,0,0,0,0,0,0,0,0,0,0,10,10,11,12,13,13,13,14,15,16,17,17,19,28,202,555,830,1186,1743,2321,2985,3832,4935,5482,6278,7197,8211,9252,10571,12409,13282,14231,15268,16566,18050,20190,23330,25032,28195,31781,35870,41144,46511,51973,54814,59430,64059,68430,72902,77375,85871,87673,89442,91346,93340,95354,97736,100528,101567,102102,103845,105610,107646,109817,112891,114125,115396,116838,118248,119585,121162,123936,125020,126144,127199,128325,129627,131138,133332,134314,135354,136385,137322,138317,139548,141236,141924,142550,143235,143991,144769,145668,147101,147740,148466,149313,150231,151290,152435,153848,154493,155223,155892,156514,157176,157901,158929,159382,159956,160645,161382,162173,162948,163785,164224,164936,165701,166485,167220,167641,167644,167736,167908,168126,168807,169297,169652,169683,169753,169920,170094,170674,171199,171663,171962,172156,172706,173207,173694,174178,174603,174853,174995,175354,175674,176029,176384,176725,176981,177153,177467,177830,178251,178656,179054,179324,179457,179686,180085,180367,180575,180894,181151,181244,181374,181642,181857,182074,182381,182790,182925,183136,183399,183627,183884,184212,184631,184804,185032,185261,185510,185768,186128,186570,186790,187017,187267,187563,187785,188037,188437,188620,188847,189054,189296,189531,189878,190346,190605,192059,193645,195268,196925,199053,201945,203198,204628,206224,207829,209371,211244,213746,214751,215851,216861,217733,218699,219663,220999,221546,222014,222482,222955,223390,223935,224735,225049,225330,225630,225905,226296,226314,226509,226528,226588,226991,227390,227755,228125,228457,228599,228652,229049,229437,229796,230143,230520,230638
0,0,0,0,0,0,0,0,0,0,0,0,0,0,0,0,0,0,0,0,0,0,0,0,0,0,10,12,18,22,25,35,37,56,70,84,91,95,110,130,154,171,177,190,202,213,244,281,330,400,436,486,535,579,629,721,787,826,847,902,946,1000,1033,1069,1095,1123,1139,1176,1226,1288,1358,1404,1451,1511,1576,1645,1711,1783,1852,1905,1984,2062,2137,2214,2309,2366,2419,2494,2570,2671,2830,2940,3022,3073,3152,3242,3334,3423,3555,3642,3689,3785,3900,3988,4139,4225,4282,4315,4332,4426,4455,4543,4655,4731,4778,4859,4932,5063,5215,5301,5386,5458,5526,5636,5735,5842,5961,6045,6115,6185,6262,6359,6439,6518,6608,6660,6734,6816,6956,7056,7146,7241,7306,7386,7466,7578,7680,7790,7946,8015,8105,8220,8359,8495,8643,8766,8871,8969,9071,9188,9287,9422,9643,9747,9857,9994,10159,10294,10447,10650,10777,10893,11068,11255,11434,11693,12040,12278,12489,12720,12724,12828,13159,13513,13786,14071,14423,14803,15206,15642,16231,16595,17058,17567,18112,18577,19129,19901,20378,20931,21430,21791,22109,22763,23842,24543,25319,26365,27484,28772,30381,32182,33102,34483,36037,37641,39333,41377,44075,45510,47294,49366,51576,54167,57298,61475,63908,68417,73863,79657,86514,93816,101255,105308,111622,117965,124172,130161,136166,147368,150087,153271,156499,159844,163158,166744,170556,172313,173184,176183,178897,182130,185408,189066,190901,192956,195152,197270,199349,201578,204947,206302,208104,209860,211648,213520,215313,217822,219136,220735,222466,224175,225807,227595,229566,230385,231624,233037,234400,235806,237131,238951,239983,241236,242842,244516,246537,248682,250326,251145,252359,253633,254826,255972,257107,258213,258763,259601,260549,261570,262628,263502,264325,264796,265566,266490,267432,268368,268962,268965,269069,269275,269512,270405,271039,271459,271498,271578,271741,271905,272380,272750,273120,273330,273425,273715,273974,274263,274468,274672,274752,274788,274830,274820,274874,274821,274732,274533,274252,273786,273320,272950,272571,272136,271746,271543,271190,270649,270084,269211,267535,266073,265238,264397,262255,260241,258540,256790,255159,254322,252450,250535,248839,247349,246003,244960,244315,243215,242118,241149,240192,239056,238049,237513,236740,236136,235621,235149,234646,234114,233896,233585,233320,233069,232831,232555,232256,232154,231925,231762,231622,231500,231340,231193,231096,230985,230887,230794,230693,230591,230466,230423,230353,230284,230224,230169,230125,230044,230012,229967,229928,229867,229315,228801,228243,227974,227666,227361,227041,226596,226586,226325,226290,226221,225633,225145,224700,224292,223986,223835,223777,223232,222761,222324,221860,221527,221406
0,0,0,0,0,0,0,0,0,0,0,0,0,0,0,0,0,0,0,0,0,0,0,0,37,66,102,145,191,234,274,394,466,583,691,788,837,880,969,1072,1179,1259,1286,1311,1327,1364,1467,1700,1916,2137,2201,2291,2508,2688,2849,3058,3342,3414,3462,3639,3861,4062,4342,4576,4657,4730,4804,5078,5340,5711,6066,6214,6343,6632,6975,7399,7786,8197,8392,8540,8910,9261,9601,10056,10564,10755,10831,11120,11460,11855,12275,12730,12933,13045,13392,13723,14044,14375,14853,15059,15136,15398,15706,15982,16336,16649,16791,16856,16917,17243,17357,17722,18072,18262,18324,18568,18813,19113,19462,19725,19907,20001,20260,20516,20767,21055,21315,21468,21548,21708,21892,22114,22276,22474,22610,22688,22843,23024,23279,23506,23704,23866,23980,24176,24387,24576,24775,25005,25238,25366,25541,25801,26031,26293,26569,26814,27009,27211,27472,27720,27959,28262,28554,28702,28952,29216,29534,29836,30144,30426,30608,30895,31231,31557,31896,32248,32663,32938,33314,33708,33716,33886,34406,34863,35212,35689,36274,36987,37684,38426,39254,39744,40443,41308,42218,42947,43851,44743,45292,46074,46830,47441,47982,48904,50059,50831,51653,52640,53721,54878,56392,57940,58729,60203,61670,63086,64704,66594,68676,69861,71567,73465,75395,77501,79939,82719,84382,87463,90993,94856,99436,104412,109663,112625,117265,121905,126712,131092,135862,144528,147160,150794,154213,157439,160601,163986,167535,169219,170131,173784,176983,180584,184047,187651,189554,192256,194798,197306,199645,202186,205406,206910,209140,211315,213403,215525,217568,220090,221619,223603,225600,227508,229403,231479,233528,234651,236266,238060,239774,241428,242904,244733,245879,246871,248284,249795,251742,253776,255511,256371,257574,258658,259612,260543,261502,262551,263111,263744,264464,265240,266048,266711,267459,267826,268367,269069,269749,270513,271028,271035,271125,271338,271595,272328,272732,273063,273110,273174,273266,273382,273473,273497,273397,273304,273241,272969,272710,272489,272248,271848,271512,271303,270740,270044,269417,268740,267815,267053,266112,264405,262684,261082,259486,257963,256592,255886,254873,253436,251967,249724,246259,243232,241355,239681,235554,231655,227933,223728,219528,217387,213085,208688,204741,201240,197582,194201,192323,189077,186210,183481,180669,177572,174525,172769,170115,168189,166400,164934,163355,161843,161159,160078,159246,158424,157772,157061,156337,156010,155466,155028,154633,154230,153817,153407,153179,152905,152646,152399,152201,151951,151687,151593,151434,151308,151169,151021,150916,150762,150675,150542,150431,150326,150220,150113,149999,149944,149840,149750,149654,149529,149526,149474,149467,149453,149353,149255,149180,149096,149020,148972,148960,148854,148749,148652,148561,148455,148414
0,0,0,0,0,0,0,0,0,0,0,0,0,0,0,0,0,0,0,0,0,0,0,0,53,106,168,238,332,428,498,649,760,917,1069,1210,1293,1344,1463,1640,1774,1943,1971,2011,2029,2061,2256,2541,2783,3055,3132,3275,3517,3734,3927,4160,4507,4640,4720,4994,5381,5756,6200,6607,6733,6842,6953,7340,7767,8316,8832,9000,9179,9628,10103,10661,11205,11833,12065,12249,12754,13284,13765,14315,14993,15252,15386,15779,16183,16679,17214,17783,18057,18179,18630,19099,19611,20100,20708,20982,21097,21402,21796,22208,22675,23066,23257,23309,23373,23748,23914,24322,24674,24924,25027,25316,25661,26083,26445,26763,26974,27114,27400,27687,28003,28389,28750,28978,29092,29304,29516,29767,30012,30284,30480,30583,30757,31027,31380,31668,31932,32184,32339,32568,32809,33064,33287,33610,33931,34120,34344,34712,35015,35349,35690,36042,36264,36526,36855,37195,37499,37833,38199,38404,38674,39033,39383,39760,40177,40507,40747,41115,41617,42050,42543,43066,43645,44036,44524,45115,45122,45385,46030,46692,47145,47774,48512,49376,50269,51296,52532,53190,54201,55235,56377,57325,58540,59800,60539,61515,62546,63364,64098,65344,66874,67901,68987,70204,71467,72946,74845,76834,77812,79586,81313,82854,84808,87233,89932,91332,93371,95538,97570,100032,102998,106140,107944,110990,114439,118529,123390,128994,134840,138056,142985,147762,152639,157470,163143,172719,175642,179613,183274,186732,190234,194103,197784,199619,200584,204270,207578,211438,215289,219286,221334,223818,226403,228914,231216,233892,237275,238836,240934,242968,244924,246954,249015,251661,253126,254981,256876,258781,260665,262631,264775,265749,267225,268989,270615,272194,273496,275326,276455,276676,277440,278539,280042,281499,283048,283929,284752,285560,286347,287201,287971,288855,289393,289920,290505,291171,291800,292432,293064,293428,293749,294293,294862,295485,295946,295948,296027,296180,296381,296961,297322,297578,297609,297637,297729,297828,297763,297581,297285,297042,296896,296503,296138,295718,295223,294667,294176,293912,293104,292257,291502,290520,289309,288281,287271,285142,282988,280986,279040,276997,275381,274525,273398,271687,269978,267342,263114,259424,257317,255696,251253,247055,242930,238018,233165,230825,226124,221628,217811,214232,210223,206344,204300,201175,198528,195890,193012,189533,185949,184058,181336,179228,177305,175652,173747,171850,171054,169893,168897,168039,167237,166358,165395,164932,164263,163743,163172,162711,162162,161627,161337,160962,160612,160318,160052,159693,159364,159229,158987,158801,158619,158459,158280,158103,158007,157844,157707,157573,157464,157311,157151,157074,156952,156840,156737,156593,156587,156526,156515,156488,156379,156307,156194,156080,155976,155928,155905,155811,155713,155625,155521,155362,155324
0,0,0,0,0,0,0,0,0,0,0,0,0,0,0,0,0,0,0,0,0,0,0,0,42,75,130,197,310,394,480,599,705,851,1005,1130,1222,1278,1393,1557,1688,1858,1889,1932,1952,1994,2163,2406,2605,2829,2903,3002,3211,3390,3573,3750,4036,4174,4225,4464,4849,5237,5667,6101,6259,6373,6492,6832,7236,7770,8292,8467,8689,9110,9648,10198,10766,11452,11724,11901,12413,12933,13454,14034,14718,15019,15124,15513,15967,16484,17030,17651,17930,18081,18557,19091,19664,20158,20819,21119,21242,21579,22001,22471,22942,23457,23679,23751,23815,24248,24479,24896,25350,25626,25739,26110,26510,26914,27331,27722,27964,28108,28406,28750,29129,29525,29908,30178,30353,30589,30818,31076,31385,31733,31937,32067,32248,32537,32934,33288,33633,33925,34086,34335,34624,34896,35216,35566,35908,36107,36383,36768,37104,37458,37888,38219,38420,38725,39107,39486,39875,40355,40742,40939,41241,41592,42017,42484,43003,43382,43635,44063,44634,45235,45770,46348,47018,47420,47944,48570,48579,48874,49609,50425,51014,51810,52810,53875,54995,56265,57708,58488,59648,60903,62176,63362,64852,66429,67282,68437,69624,70548,71407,72893,74556,75570,76875,78341,79902,81730,84075,86423,87625,89904,92165,94165,96426,99321,102311,103830,106108,108476,110641,113051,116228,119619,121357,124750,128688,133396,139574,146770,153595,157257,163105,169057,174550,180166,186453,196751,199585,203416,207024,210630,214147,218214,221914,223690,224714,228439,231713,235574,239607,243513,245496,247971,250587,253038,255352,258029,261173,262543,264448,266393,268202,269999,272005,274465,275708,277386,279053,280734,282469,284362,286232,287087,288360,289896,291399,292850,294015,295503,296338,296205,296672,297274,298474,299667,301052,301708,302476,303210,303704,304278,304944,305663,306102,306502,307037,307555,308057,308370,308869,309127,309359,309664,310028,310564,310862,310867,310935,311051,311228,311640,311833,311970,311994,312021,312057,312119,311840,311451,310918,310574,310391,309740,309114,308460,307707,306743,306058,305716,304685,303500,302302,300950,299110,297554,296099,293328,290533,287946,285502,282635,280452,279369,278009,275960,273889,270683,265126,260342,257631,255627,250248,245150,240127,234100,228553,226078,220780,215860,211493,207622,202965,198717,196675,193454,190572,187627,184452,180405,176489,174565,171562,169297,167156,165271,163082,160955,160192,158887,157791,156757,155847,154791,153744,153280,152598,152030,151424,150853,150240,149585,149278,148867,148423,148053,147723,147329,146928,146780,146555,146303,146100,145878,145655,145389,145267,145089,144934,144779,144632,144452,144251,144176,144056,143920,143778,143590,143587,143500,143487,143459,143342,143235,143127,142989,142873,142800,142773,142654,142548,142429,142275,142133,142081
0,0,0,0,0,0,0,0,0,0,0,0,0,0,0,0,0,0,0,0,0,0,0,0,40,68,103,160,233,312,391,543,670,807,960,1088,1188,1240,1343,1471,1582,1695,1723,1744,1760,1777,1911,2126,2273,2447,2523,2624,2800,2962,3085,3242,3448,3529,3566,3736,4023,4349,4681,5009,5111,5207,5295,5573,5918,6314,6728,6918,7089,7480,7932,8387,8866,9453,9725,9864,10314,10794,11262,11755,12407,12637,12747,13036,13406,13867,14382,14943,15244,15379,15791,16258,16775,17240,17847,18092,18194,18514,18910,19302,19746,20199,20401,20495,20547,20966,21174,21528,21952,22181,22307,22630,22984,23382,23795,24196,24430,24549,24839,25179,25485,25838,26226,26464,26625,26869,27122,27384,27662,27976,28195,28319,28529,28811,29212,29525,29892,30163,30327,30563,30831,31102,31417,31785,32121,32339,32617,33002,33386,33736,34167,34513,34742,35055,35404,35804,36176,36621,37048,37249,37557,37967,38405,38887,39418,39849,40138,40597,41178,41781,42339,43012,43707,44183,44794,45531,45541,45882,46734,47538,48134,48967,50003,51254,52515,53993,55448,56248,57580,58953,60294,61654,63208,64736,65545,66769,68137,69195,70117,71710,73506,74545,75836,77331,78955,80819,83193,85556,86776,89044,91308,93246,95576,98452,101290,102757,104948,107271,109367,111968,115121,118383,120129,123661,127538,132400,138653,145858,152580,156120,161734,167507,172654,177952,183744,193430,195883,199235,202544,205873,209169,212985,216190,217593,218333,221542,224574,228059,231487,234671,236271,238360,240424,242443,244338,246624,249162,250259,251687,253264,254737,256202,257827,259685,260615,261796,263050,264356,265621,267093,268515,269104,270007,271132,272205,273209,274029,275088,275654,275180,275216,275372,275981,276656,277387,277827,278261,278600,278863,279178,279507,279891,280132,280321,280619,280850,281072,281253,281434,281544,281575,281636,281772,281961,282083,282083,282098,282144,282203,282350,282349,282374,282355,282324,282290,282255,281728,281080,280285,279834,279540,278690,277812,277000,276026,274893,274095,273664,272257,270760,269402,267760,265452,263515,261783,258373,255202,252400,249487,246228,243727,242582,241130,238766,236446,232826,226333,220931,218111,216094,210504,205020,199890,193549,187582,185170,180180,175501,171473,167772,163305,159274,157489,154535,151994,149464,146694,142898,139330,137646,134980,133000,131054,129444,127591,125676,124955,123789,122884,122022,121238,120291,119364,119006,118399,117879,117305,116797,116231,115608,115323,114976,114613,114292,114024,113670,113294,113156,112945,112767,112606,112383,112189,111917,111815,111664,111534,111403,111268,111115,110944,110878,110760,110651,110568,110407,110398,110328,110316,110292,110175,110058,109975,109823,109727,109677,109662,109542,109448,109347,109245,109126,109085
0,0,0,0,0,0,0,0,0,0,0,0,0,0,0,0,0,0,0,0,0,0,0,0,21,36,74,116,198,266,343,444,557,742,876,1014,1107,1146,1254,1402,1524,1636,1664,1690,1698,1719,1833,2026,2164,2314,2365,2454,2604,2775,2902,3058,3274,3364,3417,3571,3814,4075,4413,4693,4795,4861,4939,5198,5488,5871,6312,6445,6590,6981,7421,7882,8370,8957,9172,9302,9728,10134,10584,11006,11533,11772,11890,12165,12521,12922,13382,13969,14224,14346,14686,15133,15588,16026,16662,16885,16992,17291,17678,18041,18513,18925,19091,19168,19213,19620,19810,20179,20567,20759,20865,21163,21480,21881,22233,22626,22844,22991,23259,23604,23969,24374,24728,24952,25095,25316,25583,25881,26185,26501,26724,26865,27054,27349,27729,28055,28426,28716,28885,29088,29369,29636,29912,30228,30546,30759,31052,31454,31846,32205,32639,32960,33159,33500,33870,34239,34662,35059,35485,35733,36109,36514,36976,37489,37992,38394,38704,39205,39888,40602,41316,42141,43016,43590,44300,45093,45101,45436,46489,47474,48155,49104,50286,51653,53019,54609,56190,57105,58498,59958,61476,62904,64611,66234,67189,68561,70030,71271,72475,74620,76807,78166,79721,81225,82893,84781,87167,89277,90415,92461,94586,96608,98977,101744,104567,106031,108275,110634,112784,115618,118822,122369,124249,127931,132206,136986,143189,149861,156138,159433,164540,169705,174542,179453,184780,193473,195672,198676,201739,204870,207662,210707,213457,214646,215261,217926,220464,223225,225931,228542,229820,231411,232988,234442,235934,237574,239545,240385,241556,242735,243864,245079,246283,247736,248414,249348,250305,251220,252163,253299,254354,254780,255453,256210,256995,257749,258276,258867,259238,258353,258074,257905,258200,258421,258912,259226,259481,259599,259702,259842,259981,260268,260401,260420,260493,260628,260761,260776,260779,260812,260658,260554,260522,260513,260543,260548,260549,260558,260580,260609,260457,260388,260371,260312,260225,260138,259321,258404,257300,256632,256189,255001,253817,252728,251480,249982,248917,248437,246542,244654,242915,240860,238211,235915,233977,230059,226488,223229,220044,216531,213766,212453,210736,207981,205321,201462,194353,188499,185456,183322,177310,171807,166884,160703,154896,152583,147761,143380,139610,136196,132092,128475,126867,124385,122086,119880,117480,114322,111082,109698,107465,105686,104033,102698,101177,99713,99142,98206,97484,96726,96055,95263,94498,94194,93740,93325,92846,92470,92005,91485,91279,90957,90664,90373,90162,89887,89593,89484,89308,89148,89002,88857,88694,88513,88426,88318,88233,88113,87983,87850,87690,87642,87540,87451,87372,87250,87245,87194,87189,87181,87112,87038,86959,86869,86791,86763,86759,86665,86583,86487,86374,86217,86172
0,0,0,0,0,0,0,0,0,0,0,0,0,0,0,0,0,0,0,0,0,0,0,0,33,46,83,127,217,297,372,519,639,824,1006,1133,1230,1276,1399,1557,1692,1815,1838,1885,1904,1924,2055,2262,2420,2597,2645,2752,2892,3021,3157,3344,3594,3695,3738,3910,4155,4467,4824,5149,5256,5330,5415,5719,6028,6482,6959,7143,7297,7747,8243,8811,9352,9990,10230,10373,10817,11347,11854,12352,13009,13262,13392,13690,14124,14622,15237,15832,16103,16237,16693,17223,17820,18296,19000,19269,19368,19698,20178,20644,21160,21681,21864,21938,21974,22429,22644,23141,23629,23853,23991,24348,24686,25138,25544,25989,26266,26398,26724,27109,27498,27903,28311,28565,28710,28955,29273,29578,29953,30321,30569,30699,30910,31289,31735,32108,32503,32783,32953,33195,33530,33912,34282,34670,35001,35213,35565,35981,36467,36905,37411,37779,38037,38476,38895,39416,39919,40403,40895,41162,41545,41998,42570,43221,43804,44305,44692,45292,46103,46982,47898,48919,49954,50560,51488,52514,52527,52997,54273,55397,56158,57361,58798,60415,62157,64108,65956,67004,68755,70677,72549,74301,76368,78225,79370,81029,82839,84221,85524,87585,89739,91066,92908,94740,96659,98745,101230,103472,104596,106825,109059,111139,113685,116472,119457,120922,123365,126053,128364,131502,134975,138596,140446,144472,148968,153897,160156,166811,173090,176353,181440,186607,191562,196676,201901,210193,212313,215173,218004,220988,223614,226360,228811,229861,230339,232807,235050,237567,239995,242438,243630,245076,246589,247933,249272,250750,252609,253323,254391,255441,256472,257518,258583,259868,260453,261279,262181,263027,263895,264952,265963,266373,266985,267681,268383,269063,269376,269843,270062,268692,267954,267510,267343,267206,267496,267637,267592,267557,267500,267427,267410,267540,267595,267490,267408,267359,267275,267133,267083,267026,266742,266507,266288,266186,266142,266142,266117,266102,266068,265915,265597,265393,265372,265290,265158,264999,263782,262424,260742,259712,259154,257483,255811,254240,252386,250496,249081,248375,245983,243721,241543,239116,235996,233452,231271,226543,222227,218464,214827,210803,207814,206445,204431,201053,197978,193567,185783,179351,176172,173948,167531,161785,156583,150007,143967,141591,136713,132345,128488,125142,121303,117664,116153,113600,111383,109267,106985,104046,101203,99912,97824,96234,94673,93425,92041,90724,90221,89374,88622,87917,87268,86509,85796,85531,85087,84721,84257,83848,83439,82926,82737,82435,82172,81887,81660,81427,81190,81090,80945,80791,80669,80523,80390,80229,80177,80077,79973,79880,79773,79653,79516,79463,79396,79316,79241,79106,79096,79058,79049,79032,78962,78885,78813,78701,78597,78556,78551,78456,78339,78243,78148,78055,78026
0,0,0,0,0,0,0,0,0,0,0,0,0,0,0,0,0,0,0,0,0,0,0,0,25,48,88,138,233,306,373,497,626,805,1000,1159,1239,1302,1442,1630,1791,1927,1968,2002,2026,2050,2200,2423,2609,2786,2862,2975,3131,3301,3462,3640,3919,4049,4109,4321,4635,4998,5413,5751,5863,5945,6017,6337,6734,7252,7811,8025,8200,8673,9267,9846,10430,11115,11433,11600,12126,12746,13377,13993,14737,15030,15231,15604,16188,16834,17441,18238,18610,18753,19229,19879,20569,21155,21992,22305,22434,22810,23341,23896,24500,25056,25288,25376,25431,25962,26197,26731,27263,27534,27670,28098,28519,29024,29519,30023,30348,30522,30872,31352,31808,32358,32858,33165,33363,33655,34028,34419,34827,35303,35655,35835,36199,36713,37261,37811,38315,38731,38935,39301,39770,40280,40849,41388,41812,42078,42518,43143,43802,44407,45081,45580,45907,46477,47072,47713,48392,49020,49669,50030,50574,51302,52135,52984,53728,54374,54733,55551,56586,57755,58975,60288,61493,62144,63275,64557,64568,65178,66696,68008,68768,70255,71982,74006,76065,78270,80355,81393,83465,85757,88048,90304,92802,95037,96326,98607,101057,102802,104331,106596,109187,110584,112699,114935,117119,119457,122173,124518,125687,128084,130551,132899,135581,139014,142611,144591,148471,153181,155895,159465,163386,167364,169425,173995,178624,183649,189386,195683,201106,203754,208145,212582,216865,221108,225412,231792,233337,235740,238052,240416,242615,244870,246777,247573,247968,250147,252060,254118,256237,258210,259072,260266,261540,262782,263944,265210,266715,267320,268262,269156,270084,271038,272028,273082,273591,274250,274978,275729,276469,277351,278164,278458,278962,279605,280151,280766,280873,281021,281159,279260,277952,276978,276430,275964,275869,275929,275643,275319,275056,274774,274544,274529,274525,274251,274050,273792,273625,273212,273036,272929,272429,271970,271561,271298,271139,271134,271124,271061,270970,270564,270017,269635,269575,269437,269195,268949,267160,265075,262491,260968,260147,257551,255075,252723,250118,247243,245345,244477,241506,238535,235830,232709,228824,225955,223544,217741,212272,207466,202704,197458,193880,192324,189710,185349,181362,176168,168233,162231,159299,157226,150523,144490,139441,133287,127862,125769,121144,116880,113222,110023,106358,103206,101953,99609,97459,95416,93338,90679,88247,87138,85325,83750,82306,81121,79801,78614,78189,77357,76618,75912,75304,74603,73954,73681,73255,72864,72403,71950,71519,71072,70900,70599,70303,70022,69804,69545,69345,69271,69120,68985,68856,68692,68540,68409,68337,68224,68093,67987,67868,67746,67643,67611,67537,67443,67346,67204,67200,67155,67151,67132,67034,66916,66835,66732,66644,66604,66596,66497,66412,66319,66230,66154,66124
0,0,0,0,0,0,0,0,0,0,0,0,0,0,0,0,0,0,0,0,0,0,0,0,21,45,69,114,205,304,362,477,622,811,1009,1161,1267,1324,1465,1636,1803,1950,1986,2020,2042,2069,2224,2435,2614,2809,2867,2977,3136,3268,3402,3565,3842,3973,4040,4280,4588,4963,5400,5798,5898,5985,6055,6364,6809,7344,7935,8140,8306,8820,9419,10052,10707,11487,11805,11981,12515,13193,13872,14527,15344,15681,15895,16338,17002,17758,18534,19432,19826,19994,20575,21428,22258,23018,23967,24365,24517,24995,25635,26326,27000,27734,28036,28216,28363,29082,29371,30113,30811,31243,31511,32054,32638,33256,33893,34528,34925,35170,35556,36216,36829,37566,38300,38730,38988,39372,39924,40519,41121,41781,42228,42442,42926,43619,44387,45119,45830,46299,46563,47073,47797,48586,49332,50061,50601,50891,51512,52356,53255,54157,55034,55656,56008,56744,57504,58371,59270,60108,60900,61290,62010,62953,63937,64978,65974,66779,67177,68121,69493,71063,72466,73874,75099,75775,77015,78706,78713,79437,81216,82562,83400,85154,87245,89734,92146,94837,97452,98857,102438,106467,110514,114318,118040,121320,122842,126140,129447,131840,133739,136349,139271,140695,143322,146180,148870,151520,154536,156918,158146,161161,164175,167085,170189,173613,176736,178183,181313,184690,187422,190566,193574,196311,197676,200889,204286,207811,211930,216122,219729,221442,224482,227740,230820,233848,236991,241372,242342,244064,245788,247550,249242,250807,252030,252577,252845,254446,255995,257609,259152,260586,261161,262109,263149,264160,265077,266046,267098,267462,268152,268918,269623,270384,271149,271916,272234,272814,273408,274039,274619,275292,275858,276058,276446,276938,277377,277800,277702,277635,277610,275250,273450,272007,271047,270195,269881,269831,269332,268805,268161,267707,267313,267115,267033,266525,266001,265412,264923,264319,263865,263658,262946,262260,261589,261007,260619,260616,260571,260427,260283,259605,258632,257949,257875,257680,257351,256946,253904,250575,246684,244425,243219,239238,235276,231593,227845,223751,221212,220059,216290,212343,208688,204637,199782,196237,193645,186800,179991,174198,168748,163243,159560,158009,155279,150817,146767,141837,135130,130574,128508,127002,121676,116640,112286,107470,103466,101966,98312,94787,91772,89079,86169,83894,82926,81004,79242,77572,75899,73826,71971,71205,69663,68424,67217,66148,65137,64253,63926,63263,62588,61932,61401,60807,60332,60132,59748,59407,58954,58549,58143,57821,57694,57423,57124,56882,56704,56473,56316,56263,56105,55949,55824,55688,55537,55434,55381,55277,55192,55099,54989,54854,54749,54714,54626,54513,54408,54258,54254,54212,54210,54205,54107,54037,53962,53892,53834,53812,53808,53736,53665,53595,53524,53456,53440
0,0,0,0,0,0,0,0,0,0,0,0,0,0,0,0,0,0,0,0,0,0,0,0,15,25,48,84,141,193,250,344,455,610,748,874,956,1005,1114,1262,1389,1509,1535,1561,1576,1605,1718,1880,2013,2162,2224,2326,2438,2580,2695,2833,3046,3154,3215,3391,3678,4013,4424,4699,4794,4871,4943,5248,5600,6087,6606,6819,6967,7401,7927,8513,9151,9885,10201,10350,10841,11482,12148,12836,13635,13946,14199,14600,15276,16021,16753,17553,17993,18142,18748,19550,20388,21127,21996,22435,22624,23115,23835,24562,25343,26005,26288,26446,26553,27310,27635,28430,29195,29617,29875,30410,31073,31758,32441,33136,33555,33805,34329,35059,35792,36629,37448,37970,38237,38703,39358,40105,40760,41566,42060,42329,42956,43781,44687,45627,46488,47114,47423,48050,48968,49969,50989,51875,52527,52813,53629,54692,55911,57181,58276,59072,59596,60561,61565,62734,63867,64877,65829,66371,67330,68542,69855,71192,72409,73398,73826,75041,76739,78516,80330,81998,83454,84199,85884,88255,88264,89414,92552,94915,96173,99369,103281,107623,111804,115752,118854,120340,123949,128185,132004,135788,139317,142191,143462,146553,149936,152367,154296,156642,158981,160184,162957,165848,168544,171031,173575,175586,176635,179164,181499,183956,186490,189046,191153,192258,194612,197196,199473,201955,204166,205860,206738,208998,211493,214114,216965,219831,222157,223215,225348,227621,229795,231924,234016,236787,237396,238685,240033,241404,242622,243766,244545,244834,245006,246183,247236,248428,249565,250470,250835,251534,252319,253081,253810,254513,255200,255422,255947,256493,257002,257574,258094,258586,258769,259165,259595,260013,260426,260894,261267,261378,261640,261985,262293,262568,262325,262088,261998,259240,257185,255460,254195,252981,252424,252319,251643,250891,250106,249461,248874,248543,248401,247764,247046,246387,245680,244795,244251,244062,243179,242218,241237,240391,239727,239724,239637,239447,239230,238041,236587,235414,235296,235045,234608,234078,229644,224702,219421,216529,215092,209577,204104,199198,194234,188992,185865,184545,180077,175240,170842,166133,160771,157164,154752,147521,140396,134179,128651,123279,119972,118679,116085,111858,107916,103426,97902,94605,93142,92102,87546,83392,79795,76227,73577,72630,69841,67082,64592,62436,60227,58677,58060,56579,55168,53812,52577,51066,49847,49363,48191,47213,46235,45365,44514,43929,43711,43201,42734,42198,41742,41305,40976,40859,40550,40249,39905,39609,39299,39054,38970,38784,38587,38385,38221,38059,37925,37884,37786,37676,37555,37434,37305,37219,37183,37083,37003,36906,36786,36651,36563,36534,36432,36345,36254,36163,36161,36145,36141,36139,36076,36032,35972,35915,35889,35864,35859,35799,35750,35683,35613,35578,35566
0,0,0,0,0,0,0,0,0,0,0,0,0,0,0,0,0,0,0,0,0,0,0,0,0,0,12,22,44,68,94,143,186,268,347,404,445,466,516,589,667,709,719,729,738,752,839,912,983,1049,1076,1118,1190,1246,1303,1374,1486,1552,1578,1669,1821,2030,2246,2463,2644,2693,2741,2947,3137,3423,3730,3862,4069,4380,4761,5093,5441,5871,6061,6133,6452,6852,7220,7581,7994,8141,8290,8490,8870,9376,9744,10212,10485,10601,10992,11619,12264,12820,13797,14293,14583,15188,16126,17152,18147,19101,19486,19756,19969,21102,21622,22850,23945,24557,24996,25871,27008,28430,29833,31133,31816,32316,33556,35262,37106,39084,40907,41808,42414,43457,45134,46710,48241,49740,50545,50995,52363,54208,56030,57808,59400,60433,60928,62228,63933,65717,67424,68888,69827,70162,71543,73436,75568,77523,79360,80454,81145,82783,84639,86601,88489,90037,91225,91745,93172,95103,97050,99000,100692,101852,102375,103982,106260,108672,110929,112913,114314,115020,117447,120668,120674,121730,124400,126351,127324,129914,132920,135989,138899,141332,143301,144174,146605,149544,152528,154999,157232,158917,159811,161711,163864,165781,167160,168460,169814,170502,172084,173849,175523,177117,178561,179567,180058,181479,182993,184498,186131,187465,188462,189021,190294,191675,192893,194242,195272,196060,196483,197618,198872,200176,201665,203088,204098,204515,205587,206881,208127,209256,210370,211756,212056,212796,213566,214360,215118,215734,216128,216264,216339,217154,217764,218469,219104,219603,219798,220232,220763,221191,221625,222033,222418,222522,222895,223266,223595,223953,224258,224521,224610,224843,225121,225371,225603,225861,226051,226108,226256,226466,226661,226803,226592,226358,226267,224393,222820,221349,220248,219167,218609,218506,217629,216915,216135,215431,214644,214252,214076,213204,212246,211311,210308,209012,208131,207804,206331,204899,203095,201297,200057,200052,199925,199586,199188,196727,194004,191968,191799,191479,190755,189958,183268,176523,169534,166265,164784,157487,150576,144466,138633,133216,130570,129464,124860,119880,115454,110972,106238,103731,102254,96398,90627,85595,81362,77540,75514,74814,73097,69930,67074,63922,60464,58849,58197,57709,54706,51847,49622,47477,46157,45742,44019,42108,40473,39087,37820,37049,36765,35899,34959,34110,33274,32394,31818,31588,30894,30208,29551,29020,28509,28201,28093,27749,27412,27094,26829,26552,26386,26327,26110,25874,25622,25441,25231,25102,25062,24940,24763,24601,24476,24360,24290,24266,24190,24069,23957,23850,23743,23676,23642,23568,23473,23389,23308,23229,23185,23178,23128,23081,23019,22945,22944,22928,22924,22918,22872,22830,22784,22748,22738,22734,22730,22700,22664,22628,22586,22567,22559
0,0,0,0,0,0,0,0,0,0,0,0,0,0,0,0,0,0,0,0,0,0,0,0,0,0,0,12,15,23,28,56,72,97,115,133,156,164,177,200,231,250,253,262,268,280,317,361,389,416,434,452,478,507,549,585,634,663,689,730,799,906,1014,1178,1305,1338,1355,1463,1594,1778,1923,2006,2105,2287,2512,2707,2940,3207,3313,3346,3527,3771,4034,4246,4459,4562,4659,4774,5040,5382,5641,5934,6156,6225,6556,7058,7593,8096,8965,9445,9679,10214,11194,12253,13298,14177,14570,14810,15027,16090,16653,17971,19174,19741,20222,21196,22406,23914,25451,26849,27507,28046,29384,31362,33414,35846,37872,38856,39405,40470,42365,44177,45951,47717,48529,48927,50364,52341,54346,56368,58034,58959,59416,60739,62572,64603,66394,67888,68752,69010,70498,72443,74642,76604,78281,79277,79953,81434,83216,85198,87206,88854,89945,90524,92038,94113,96274,98349,100066,101260,101770,103548,106149,108739,111254,113259,114613,115334,117727,120656,120657,121911,124322,125858,126519,128764,131423,134247,136803,138804,140197,140848,142663,144944,147403,149553,151381,152565,153188,154661,156339,157976,159209,160213,161140,161657,162873,164194,165505,166650,167639,168234,168537,169531,170654,171810,173000,173835,174474,174774,175620,176573,177441,178397,179066,179551,179787,180504,181404,182254,183271,184048,184619,184886,185555,186379,187186,187954,188613,189418,189581,190063,190591,191156,191672,192076,192302,192416,192475,193025,193489,193956,194374,194656,194781,195065,195448,195801,196116,196394,196621,196708,196940,197167,197420,197653,197833,197963,198013,198106,198303,198508,198631,198797,198910,198945,199001,199111,199225,199308,199142,198936,198884,197486,196261,195025,194049,193072,192618,192498,191671,190895,190142,189424,188590,188209,188042,187061,185989,184865,183671,182141,181269,180955,179324,177576,175459,173399,171847,171843,171698,171279,170790,167753,164427,161867,161715,161420,160663,159737,152166,144617,137378,134266,132908,124885,117505,110915,104775,99365,97062,96263,91940,87307,83079,79143,75280,73438,72457,67899,63170,58905,55474,52632,51396,50906,49655,47197,44917,42584,40282,39348,38976,38680,36622,34558,32974,31632,30924,30665,29595,28315,27135,26162,25371,24919,24756,24184,23574,22994,22487,21906,21589,21449,20961,20479,20016,19616,19281,19108,19047,18813,18575,18319,18110,17907,17793,17766,17643,17480,17314,17155,17028,16935,16916,16828,16697,16575,16479,16392,16354,16336,16283,16191,16114,16041,15955,15910,15896,15847,15780,15728,15666,15628,15605,15600,15581,15534,15502,15464,15463,15461,15458,15458,15432,15412,15384,15357,15348,15345,15343,15321,15297,15273,15259,15249,15248
0,0,0,0,0,0,0,0,0,0,0,0,0,0,0,0,0,0,0,0,0,0,0,0,0,0,0,0,0,0,0,13,21,30,40,48,66,67,69,71,89,93,101,108,117,122,144,164,183,214,237,253,267,283,324,367,416,455,474,508,549,672,750,860,925,944,955,1035,1106,1297,1411,1511,1590,1712,1877,2022,2318,2565,2675,2719,2999,3415,3734,4140,4462,4557,4724,4941,5449,5982,6739,7284,7479,7550,8373,9547,10706,11804,13341,13895,14112,15246,16850,18737,20780,22652,23240,23519,23812,25848,27084,29439,32160,32911,33537,35779,38843,41623,44721,47354,48328,49118,51926,55591,59674,63789,67322,69009,69678,71496,74840,77975,81100,84309,85411,86059,88548,92249,95697,99587,102731,104099,104613,107091,110218,113790,117056,119772,121392,121801,124548,127755,131550,135138,137714,139349,140296,142913,146074,149239,152283,154674,156469,157382,159637,162889,165840,168680,171005,172570,173191,175714,179026,182690,186290,189326,191394,192339,195674,200205,200212,202212,205504,207692,208591,211709,215657,220145,224056,227008,229263,230238,232688,235983,239490,242483,245093,246908,247801,249857,252236,254295,256063,257454,258742,259473,261107,262806,264665,266346,267874,268672,269116,270456,272051,273641,275259,276499,277424,277853,279040,280414,281579,282883,283880,284613,284901,285828,286980,288234,289643,290724,291521,291857,292795,294076,295312,296549,297495,298594,298828,299474,300305,301225,302066,302686,303030,303147,303232,304057,304746,305589,306228,306649,306808,307319,307963,308572,309161,309665,310023,310113,310476,310920,311376,311772,312113,312334,312429,312656,312985,313268,313549,313778,313947,313993,314157,314419,314603,314783,314717,314644,314587,312941,311497,309490,308086,306855,306157,306006,304588,303171,301489,299803,298277,297600,297404,295022,292430,289905,287005,284199,282995,282447,279450,276201,272027,268221,265951,265946,265763,265204,264373,259305,254103,249753,249545,249045,248037,246689,234827,221902,210250,206021,204311,191311,178607,167301,156737,147454,143940,142831,135511,127689,119999,112953,106724,104121,102888,96629,88974,81671,75555,70984,69285,68706,66851,62757,58826,54881,51384,50149,49662,49280,45871,42655,39937,37851,36839,36524,34842,32753,30821,29285,27918,27309,27100,26178,25202,24214,23315,22523,22044,21901,21235,20454,19714,19050,18596,18358,18284,17955,17517,17090,16745,16438,16306,16258,16065,15807,15489,15230,14990,14845,14805,14671,14472,14248,14074,13899,13831,13802,13676,13482,13325,13165,13036,12978,12962,12852,12760,12667,12548,12456,12411,12399,12320,12255,12160,12108,12106,12101,12102,12099,12063,12028,11971,11927,11906,11898,11896,11843,11784,11736,11697,11678,11672
